month,coefficient,std_error,ci_low,ci_high,is_post,mean_raw_gap,mean_adjusted_gap
2015-01,0.02070427910533236,0.018104119231291096,-0.014779142559817153,0.05618770077048187,False,1.574704476673718,-0.00618346139442516
2015-02,0.02804682167855313,0.0090360053017643,0.010336576722982119,0.04575706663412414,False,1.6050237019537523,0.001159081178795786
2015-03,0.052304648811762555,0.011985882880560265,0.028812750042949236,0.07579654758057587,False,1.6252379476615713,0.025416908312006832
2015-04,0.04133764987591411,0.012135754557574676,0.017552008017849927,0.0651232917339783,False,1.6210896385570053,0.01444990937615671
2015-05,0.031209841179212307,0.009177474563649415,0.013222321565427006,0.04919736079299761,False,1.6185989747877854,0.004322100679455713
2015-06,0.01320580536046714,0.010769508741400154,-0.007902043903866448,0.034313654624800724,False,1.6350274446150004,-0.0136819351392892
2015-07,0.05400682079476627,0.00925910966566451,0.03585929932115713,0.07215434226837542,False,1.7012614927546956,0.027119080295009458
2015-08,0.02065860315261284,0.010015003869619005,0.0010295562631303136,0.04028765004209536,False,1.672326787627077,-0.0062291373471440635
2015-09,0.021460598112874735,0.010759458482350413,0.0003724469943139387,0.042548749231435534,False,1.6156893853073526,-0.005427142386882474
2015-10,0.024896258849218512,0.010083157100379627,0.005133634082015122,0.0446588836164219,False,1.60333353161767,-0.001991481650538196
2015-11,0.03412581693021156,0.009783992954439786,0.014949543114515938,0.05330209074590718,False,1.61287599989162,0.007238076430455657
2015-12,0.0509140018024863,0.008654849399875484,0.033950808687112255,0.06787719491786035,False,1.6062992655392518,0.024026261302729644
2016-01,0.03279451818462631,0.019453638994672385,-0.005333913613175548,0.07092294998242817,False,1.5867947157530122,0.0059067776848689205
2016-02,0.027421481534672425,0.011030542414513468,0.005802015672284541,0.04904094739706031,False,1.6043983618098723,0.0005337410349155622
2016-03,0.02519137146285754,0.013622400423912386,-0.0015080427509939001,0.05189078567670898,False,1.5981246703126648,-0.001696369036899389
2016-04,0.034081869000471526,0.014946251700345128,0.004787753963924533,0.06337598403701852,False,1.613833857681564,0.007194128500715576
2016-05,0.04152066728061189,0.014096233481512161,0.013892557339180399,0.06914877722204338,False,1.6289098008891847,0.014632926780855156
2016-06,0.03482154892208679,0.011527887679238225,0.01222730425295684,0.057415793591216735,False,1.6566431881766197,0.007933808422330142
2016-07,0.008279211058591375,0.011341268194553632,-0.013949266141743346,0.030507688258926094,False,1.6555338830185211,-0.018608529441165016
2016-08,0.02313847114271674,0.02309328680574774,-0.02212353928120286,0.06840048156663633,False,1.6748066556171806,-0.0037492693570406097
2016-09,0.05935389095203655,0.023489543138347935,0.01331523238757465,0.10539254951649846,False,1.6535826781465142,0.032466150452279026
2016-10,0.043482916149038035,0.011452309252517058,0.021036802474289774,0.06592902982378629,False,1.6219201889174892,0.016595175649281042
2016-11,0.043308771218520406,0.011620513943333736,0.02053298240774076,0.06608456002930005,False,1.6220589541799284,0.016421030718764145
2016-12,0.042984645532414656,0.011371665586543796,0.020696590538555267,0.06527270052627404,False,1.5983699092691808,0.016096905032658367
2017-01,0.03249546017578293,0.01352791919520147,0.005981225767419971,0.059009694584145886,False,1.5864956577441687,0.005607719676025723
2017-02,0.022647644514140426,0.01738911369473488,-0.011434392050612169,0.05672968107889302,False,1.5996245247893401,-0.004240095985616207
2017-03,0.029659064898533247,0.009193485789975175,0.011640163857801138,0.047677965939265356,False,1.6025923637483404,0.0027713243987761713
2017-04,0.04303143318766148,0.01769144370291094,0.008356840695438107,0.07770602567988485,False,1.6227834218687527,0.01614369268790406
2017-05,0.034469749100180684,0.008508671139369078,0.017793060110721907,0.051146438089639465,False,1.6218588827087532,0.007582008600423842
2017-06,0.05403053964690461,0.01676784868303563,0.021166160129937397,0.08689491916387182,False,1.6758521789014376,0.02714279914714807
2017-07,0.022105241653882557,0.012978101451935646,-0.0033313697796182908,0.0475418530873834,False,1.6693599136138118,-0.004782498845874407
2017-08,0.03695114164453965,0.012091207211972136,0.013252810979463306,0.060649472309615995,False,1.6886193261190041,0.010063401144782802
2017-09,0.028834360770345426,0.011520907766872516,0.006253796478067515,0.05141492506262334,False,1.623063147964824,0.0019466202705889243
2017-10,0.0329408971840037,0.010605479325025419,0.012154539668169716,0.053727254699837676,False,1.6113781699524548,0.006053156684246631
2017-11,0.059181183107137936,0.00865730091395431,0.0422131851124618,0.07614918110181407,False,1.6379313660685455,0.032293442607381054
2017-12,0.04412777320113767,0.011386377796449713,0.02181088280572969,0.06644466359654565,False,1.5995130369379038,0.017240032701381424
2018-01,0.020575051704679007,0.01251267898793662,-0.003949348461787863,0.045099451871145876,False,1.5745752492730656,-0.006312688795077515
2018-02,0.04121910500292078,0.009185387142933245,0.023216077018714355,0.05922213298712721,False,1.6181959852781203,0.014331364503163715
2018-03,-0.007847566279018477,0.010496091064567465,-0.028419526744023385,0.01272439418598643,False,1.5650857325707892,-0.03473530677877497
2018-04,0.00394600531055207,0.016455036957605397,-0.028305274490630052,0.036197285111734194,False,1.583697993991644,-0.022941735189204535
2018-05,0.02993299033629888,0.009642304382101726,0.011034421019406757,0.048831559653191005,False,1.6173221239448718,0.003045249836542193
2018-06,0.013043917202979084,0.015647510920640484,-0.017624640649173448,0.043712475055131615,False,1.6348655564575123,-0.013843823296777321
2018-07,0.02267488085284546,0.00862814740292979,0.00576402268980027,0.039585739015890645,False,1.6699295528127749,-0.004212859646911201
2018-08,0.0231767222494391,0.010038317586064308,0.0035019813153780027,0.0428514631835002,False,1.674844906723904,-0.0037110182503172556
2018-09,0.016854673319149964,0.01159322861109883,-0.005867637223143055,0.03957698386144298,False,1.6110834605136286,-0.010033067180606725
2018-10,0.031444797831413074,0.010085044232745989,0.011678474352737552,0.05121112131008859,False,1.6098820705998644,0.0045570573316562335
2018-11,0.010297046217432415,0.008342787442828084,-0.0060545167011836435,0.026648609136048475,False,1.5890472291788404,-0.01659069428232418
2018-12,0.02132104052411135,0.012103055237698166,-0.002400511844675917,0.04504259289289862,False,1.5767063042608769,-0.0055666999756453705
2019-01,0.027869393328364377,0.01149180959670835,0.005345860401624249,0.050392926255104505,False,1.5818695908967508,0.000981652828607666
2019-02,0.015084587588679827,0.010381234295068792,-0.005262257744727061,0.03543143292208671,False,1.5920614678638798,-0.011803152911076762
2019-03,0.03513118360464748,0.012296135985345484,0.011031199924363404,0.05923116728493156,False,1.6080644824544548,0.008243443104890702
2019-04,0.012041745124185425,0.0117069673698773,-0.010903489288959681,0.03498697953733053,False,1.5917937338052774,-0.014845995375571163
2019-05,-0.002694545397520272,0.00898258369736914,-0.020300085932480425,0.01491099513743988,False,1.5846945882110526,-0.029582285897276833
2019-06,0.01933689136634431,0.018644640866185322,-0.0172059332360626,0.05587971596875122,False,1.6411585306208774,-0.007550849133412226
2019-07,0.02737254813869687,0.009198337975799083,0.009344136988503605,0.04540095928889014,False,1.6746272200986265,0.0004848076389402638
2019-08,0.03051376430947602,0.00900433519040433,0.012865591631556924,0.04816193698739511,False,1.6821819487839407,0.0036260238097194507
2019-09,0.007935179344378691,0.012503751429745748,-0.016571723129564182,0.03244208181832157,False,1.6021639665388572,-0.01895256115537801
2019-10,0.00167383248511099,0.010758208021404559,-0.01941186777503186,0.02275953274525384,False,1.5801111052535628,-0.025213908014645577
2019-11,-0.012474114974519794,0.009734301935157464,-0.03155299618206698,0.006604766233027389,False,1.5662760679868881,-0.03936185547427636
2019-12,-0.02490875856136767,0.009178883837161539,-0.0428990403004811,-0.00691847682225424,False,1.5304765051753981,-0.051796499061124116
2020-01,-0.011924162775531499,0.014462629231396998,-0.040270395190825814,0.01642206963976282,False,1.5420760347928553,-0.03881190327528792
2020-02,0.0,,,,False,1.5769768802751998,-0.026887740499756677
2020-03,-0.00635398142385875,0.009919019236799925,-0.025794901889946577,0.013086939042229075,True,1.566579317425949,-0.0332417219236152
2020-04,-0.04539429076952609,0.019785033770935965,-0.08417224439346928,-0.006616337145582907,True,1.5343576979115658,-0.07228203126928273
2020-05,0.007675909716418381,0.009801853475198416,-0.011535370076709284,0.026887189509546047,True,1.5950650433249915,-0.019211830783338105
2020-06,0.01357437733427245,0.011408476899490788,-0.008785826507186676,0.035934581175731575,True,1.6353960165888055,-0.013313363165484067
2020-07,-0.004727049935632578,0.0178332251768574,-0.039679529010466015,0.03022542913920086,True,1.642527622024297,-0.0316147904353891
2020-08,0.01176135304199473,0.010205530446298997,-0.008241119075878288,0.031763825159867747,True,1.6634295375164594,-0.01512638745776177
2020-09,-0.018579512994812464,0.008733651714508557,-0.03569715580876573,-0.0014618701808591997,True,1.5756492741996662,-0.045467253494569024
